{
  "project_info": {
    "project_number": "642431809650",
    "firebase_url": "https://jobnavigator-a890c-default-rtdb.europe-west1.firebasedatabase.app",
    "project_id": "jobnavigator-a890c",
    "storage_bucket": "jobnavigator-a890c.appspot.com"
  },
  "client": [
    {
      "client_info": {
        "mobilesdk_app_id": "1:642431809650:android:6a3c0afc5a378ffb836aeb",
        "android_client_info": {
          "package_name": "com.example.JobNavigator"
        }
      },
      "oauth_client": [],
      "api_key": [
        {
          "current_key": "AIzaSyAP2JGSkssj1EqaRhfBPRqwazt9ZOsDAgE"
        }
      ],
      "services": {
        "appinvite_service": {
          "other_platform_oauth_client": []
        }
      }
    }
  ],
  "configuration_version": "1"
}